Filename,Gender,Weight,Comments
/home/test/wow.png,Male,55.5,
/home/test/wow2.png,Female,77,"Lorem ipsum dolor sit amet, consectetur adipiscing elit, sed do eiusmod tempor incididunt ut labore et dolore magna aliqua. Ut enim ad minim veniam, quis nostrud ex"
/home/test/wow3.png,Female,66,
/home/test/wow4.png,Female,90,
/home/test/wow5.png,Male,78,
/home/test/wow2.png,Male,55,
/home/test/wow3.png,Male,66,
/home/test/wow4.png,Male,89,"Lorem ipsum dolor sit amet, consectetur adipiscing elit, sed do eiusmod tempor incididunt ut labore et dolore magna aliqua. Ut enim ad minim veniam, quis nostrud ex"
/home/test/wow5.png,Female,87,
/home/test/wow2.png,Female,67,
/home/test/wow3.png,Female,88,
/home/test/wow4.png,Male,66,"Lorem ipsum dolor sit amet, consectetur adipiscing elit, sed do eiusmod tempor"
/home/test/wow5.png,Male,54,
/home/test/wow2.png,Male,66,
/home/test/wow3.png,Male,87,
/home/test/wow4.png,Female,87,Lorem ipsum 
/home/test/wow5.png,Female,57,
/home/test/wow2.png,Female,67,"Lorem ipsum dolor sit amet, consectetur adipiscing elit, sed do eiusmod tempor incididunt ut labore et dolore magna aliqua. Ut enim ad minim veniam, quis nostrud ex"
/home/test/wow3.png,Male,55,
/home/test/wow4.png,Male,76,
/home/test/wow5.png,Male,88,
/home/test/wow2.png,Male,99,
/home/test/wow3.png,Female,111,"Lorem ipsum dolor sit amet, consectetur adipiscing elit, sed do eiusmod tempor incididunt ut labore et dolore magna aliqua. Ut enim ad minim veniam, quis nostrud ex"
/home/test/wow4.png,Female,44,
/home/test/wow5.png,Female,56,
/home/test/wow2.png,Male,88,
/home/test/wow3.png,Male,99,
/home/test/wow4.png,Male,99,
